{
  "128": 150.16814389452338,
  "16": 5.687142145819962,
  "32": 16.252819961868227,
  "384": 761.3521178206429
}