{
  "128": 291.0863162809983,
  "16": 11.56381785031408,
  "2": 0.6817926820367575,
  "32": 32.67038009874523,
  "384": 1515.9018423445523,
  "4": 1.8993027117103338,
  "8": 5.544364287517965
}